Name,Year,Location,Deadline,Month,Date,Deadline,Full Name,Link
ICIP,2026,,February,September,,,IEEE,https://2026.ieeeicip.org/
PCS,2025,Germany,July,December,,,Picture Coding Symposium,https://2025.picturecodingsymposium.org/
SVCP,2026,Germany,May,June,,,Summer School for Video Compression and Processing,https://www.mt.hs-rm.de/svcp2026/
ICASSP,2026,,March,June,,,IEEE,https://2026.ieeeicassp.org/
VCIP,2026,Singapore,June,December,,,Visual Communications and Image Processing,https://vcip-2026.org/
DCC,?,Utah,October,March,,,Data Compression Conference,https://datacompressionconference.org/important-dates/
MMSP,2026,Istanbul,May,September,,,IEEE Multimedia Signal Processing,https://signalprocessingsociety.org/events/2026-ieee-international-workshop-multimedia-signal-processing-mmsp
ICME,2026,,December,July,,,IEEE,https://2026.ieeeicme.org/
Asilomar,?,USA,April,October,,,Asilomar,https://www.asilomarsscconf.org/schedule.html
QoMEX,?,,February,June,,,International Conference on Quality of Multimedia Experience,https://qomex.org/
IVMSP,2026,China,January,June,,,"IEEE Workshop on Image, Video, and Multimedia Signal Processing",https://2026.ieeeivmsp.org/call-for-papers/
MLSP,?,,September,December,,,IEEE Workshop on Machine Learning for Signal Processing,
SSP,2025,,June,February,,,IEEE Workshop on Statistical Signal Processing,https://2025.ieeessp.org/
SiPS,?,France,August,December,,,IEEE Workshop on Signal Processing Systems,https://www.multimediacomputing.org/
MHV,?,,?,February,,,Mile High Video,
ISIVC,?,Morocco,February,May,,,"Image Video, and Communications",https://www.isivc.org/
CVCS,2026,,April,September,,,Colour and Visual Computing Symposium 2026,https://www.cvcs.no/
ICSIPA,2026,Malaysia,April,September,,,IEEE Signal Processing and Image,https://sps.ieeemy.org/icsipa2026/
ICCP,2026,,July,October,,,Intelligent Computer Communication Processing,https://iccp.ro/iccp2026/
ISIITA,?,Philippines,January,June,,,Information Technology,https://www.icispp.com/
SPA,?,Poland,May,September,,,Signal Processing,https://spaconference.org.pl/
ICSP,?,China,April,April,,,Intelligent Computing and Signal Processing,https://www.ic-icsp.org/
ICCMT,?,China,March,June,,,Computer and Multimedia,https://www.ic-cmt.org/
ISITA,2026,Japan,April,November,,,Symposium Information Theory Applications,https://isita.ieice.org/2026/
EUSIPCO,2026,Bruges,February,August,,,European Signal Processing Conference,https://eusipco2026.org/timeline/
ITSOC,2027,Munich,October,April,,,IEEE Information Theory Workshop (ITW),https://www.itsoc.org/event/2027-ieee-information-theory-workshop-itw?trk=feed_main-feed-card_feed-article-content
ICECS,2026,Greece,May,November,,,International Conference on Electronics Circuits and Systems,https://www.icecs2026.gr/
ITW,2026,USA,May,November,,,Information Theory Workshop,2026.ieee-itw.org
SPAWC,2026,Greece,March,September,,,Signal Processing for Wireless,https://2026.ieeespawc.org/2026/03/16/paper-submission-deadline-extended-by-two-weeks/
ISPA,?,Portugal,?,October,,,International Symposium on Image and Signal Processing and Analysis,https://www.isispa.org/
IVSP,?,Japan,January,March,,,Image Video Signal,https://www.ivsp.net/
ISIT,2027,Italy,January,June,,,IEEE International Symposium on Information Theory,https://www.itsoc.org/event/2027-ieee-international-symposium-information-theory-isit
